{
  "hash": "b72469b6",
  "configHash": "ec097eb4",
  "lockfileHash": "b5961c95",
  "browserHash": "323e95b7",
  "optimized": {
    "@angular/common": {
      "src": "../../../../../node_modules/@angular/common/fesm2022/common.mjs",
      "file": "@angular_common.js",
      "fileHash": "c800227d",
      "needsInterop": false
    },
    "@angular/core": {
      "src": "../../../../../node_modules/@angular/core/fesm2022/core.mjs",
      "file": "@angular_core.js",
      "fileHash": "3021160c",
      "needsInterop": false
    },
    "@angular/forms": {
      "src": "../../../../../node_modules/@angular/forms/fesm2022/forms.mjs",
      "file": "@angular_forms.js",
      "fileHash": "d5babb21",
      "needsInterop": false
    },
    "@angular/material/button": {
      "src": "../../../../../node_modules/@angular/material/fesm2022/button.mjs",
      "file": "@angular_material_button.js",
      "fileHash": "87be950b",
      "needsInterop": false
    },
    "@angular/material/dialog": {
      "src": "../../../../../node_modules/@angular/material/fesm2022/dialog.mjs",
      "file": "@angular_material_dialog.js",
      "fileHash": "ff02c72b",
      "needsInterop": false
    },
    "@angular/material/form-field": {
      "src": "../../../../../node_modules/@angular/material/fesm2022/form-field.mjs",
      "file": "@angular_material_form-field.js",
      "fileHash": "db5b4f65",
      "needsInterop": false
    },
    "@angular/material/input": {
      "src": "../../../../../node_modules/@angular/material/fesm2022/input.mjs",
      "file": "@angular_material_input.js",
      "fileHash": "7dcbad1b",
      "needsInterop": false
    },
    "@angular/platform-browser": {
      "src": "../../../../../node_modules/@angular/platform-browser/fesm2022/platform-browser.mjs",
      "file": "@angular_platform-browser.js",
      "fileHash": "12622d78",
      "needsInterop": false
    },
    "@angular/platform-browser/animations/async": {
      "src": "../../../../../node_modules/@angular/platform-browser/fesm2022/animations/async.mjs",
      "file": "@angular_platform-browser_animations_async.js",
      "fileHash": "a47141fc",
      "needsInterop": false
    },
    "@angular/router": {
      "src": "../../../../../node_modules/@angular/router/fesm2022/router.mjs",
      "file": "@angular_router.js",
      "fileHash": "8eeda324",
      "needsInterop": false
    },
    "@angular/common/http": {
      "src": "../../../../../node_modules/@angular/common/fesm2022/http.mjs",
      "file": "@angular_common_http.js",
      "fileHash": "e4222df9",
      "needsInterop": false
    }
  },
  "chunks": {
    "browser-TVJQYCFP": {
      "file": "browser-TVJQYCFP.js"
    },
    "chunk-G3SE53SU": {
      "file": "chunk-G3SE53SU.js"
    },
    "chunk-2XPXW22G": {
      "file": "chunk-2XPXW22G.js"
    },
    "chunk-2I7KTSTQ": {
      "file": "chunk-2I7KTSTQ.js"
    },
    "chunk-7PDVKNYU": {
      "file": "chunk-7PDVKNYU.js"
    },
    "chunk-S63IVA6K": {
      "file": "chunk-S63IVA6K.js"
    },
    "chunk-TBAX463B": {
      "file": "chunk-TBAX463B.js"
    },
    "chunk-CW34YSMZ": {
      "file": "chunk-CW34YSMZ.js"
    },
    "chunk-SKTAYKHU": {
      "file": "chunk-SKTAYKHU.js"
    }
  }
}